,share_of_gain
p_lag1,0.33030338289393435
p_hour_mean7,0.1129466871215675
p1_h22,0.07238838799611066
wind_mean_change,0.043837387280901426
d1_last,0.036396028039029735
hour,0.03493494487704325
p1_h19,0.031115483932169733
dow,0.028665387157687426
p1_h21,0.026961248772860297
p1_h18,0.022506412323484028
temp_mean,0.01828433893197173
p_lag7,0.016702312700656547
p1_h23,0.016053802745709743
wind,0.01489819414758618
wind_max,0.01314841468128409
temp,0.011706667826170893
p_hour_std7,0.010850660356343486
p1_h17,0.008798390372066455
wind_mean,0.006759598512418555
temp_mean_change,0.006235372210056292
p7_h23,0.005022602613817908
p_lag3,0.003343678764729761
p1_h16,0.003180247741253249
p1_h06,0.003160465883682486
se2_d1_mean,0.003027197995001473
doy_cos,0.0025817282076387644
p1_h20,0.0025580333788993923
se1_d1_mean,0.0025349095106542204
holiday,0.0025321772558194343
spread_se3_se1_d1,0.002386294103856944
spread_se4_se3_d1,0.002288418739989055
p_lag2,0.0022252623401885765
doy_sin,0.001971973279686377
p2_h23,0.0019697260825341347
d1_std,0.001948662705007211
d1_min,0.001866860955068594
p3_h19,0.0018380095165802764
p2_h22,0.0018318999873545645
p1_h14,0.0017847286435111265
p7_h20,0.0017416273783680506
se4_d1_mean,0.001675906337952516
p7_h22,0.0016655749387948162
p7_h08,0.0016593037375315237
p3_h05,0.0015563278625577261
p1_h05,0.0015144296057761724
p7_h07,0.0015087867659347386
d7_mean,0.0014978478922174198
p3_h07,0.001459751674597052
p3_h00,0.001454118756388426
p3_h21,0.0014232695693869063
p7_h00,0.0014064797839308234
p2_h21,0.0013947783689340952
p1_h00,0.0013821431188208257
p2_h20,0.0013720741290590103
p3_h20,0.0013605979285678295
p2_h00,0.0012573644936782378
p7_h12,0.0012492719722286068
p7_h01,0.0012361606400076537
p7_h06,0.001220029943451585
p1_h07,0.0012012179569216065
p7_h16,0.0011920348868346517
p2_h06,0.0011731087716325074
p2_h19,0.0011702986617583117
p2_h09,0.0011634239291230394
p7_h19,0.001157301042086957
p2_h18,0.00115438324859353
p3_h23,0.0011415509969220502
p2_h03,0.0011254835362787667
p7_h21,0.0011132100960348375
p3_h22,0.0011090614578372728
p7_h10,0.0011020768120969704
p3_h02,0.0010994704067082094
p7_h15,0.0010890298091984325
d1_max,0.0010872709769868415
p2_h16,0.0010621191452440642
p7_h18,0.0010475909539956563
p1_h10,0.0010400896841275939
p2_h01,0.0010327955573282708
p7_h14,0.0010286978632597493
p1_h13,0.0010276433499452336
p3_h17,0.0010244272369731996
p2_h14,0.0010114688142646268
p2_h07,0.0010050660285853582
p7_h03,0.0010018551640220042
p1_h15,0.000998757346820652
p1_h02,0.00098468207406614
p2_h10,0.0009704274418714571
p2_h08,0.0009646277740949927
p3_h06,0.0009145165772382937
p1_h03,0.0009112100521393225
p7_h02,0.0009061548970842683
p7_h13,0.0009061127090769065
p7_h09,0.0009042432426745712
p2_h17,0.0008982436968157
p1_h09,0.0008621882683744578
p1_h11,0.0008409680436311907
p2_h05,0.0008397481151925643
p1_h01,0.0008255520475969811
p7_h04,0.0008209975270839656
p2_h11,0.0007805358834769009
p1_h08,0.0007800807602268167
p3_h03,0.0007791733768777507
p3_h08,0.0007695552471793477
p1_h12,0.0007535529631748792
p1_h04,0.0007464682815268891
p3_h16,0.0007441885443115887
p3_h13,0.0007279870044627441
p2_h15,0.0007275502917175421
p2_h02,0.0007178263895140869
p3_h11,0.0007166844549403209
p3_h18,0.0007115075279946334
d1_mean,0.0006958050057109574
p7_h11,0.0006933786387122221
p7_h17,0.0006878387071987601
p2_h12,0.0006791655288066259
month,0.0006779639685955083
p3_h04,0.000677797983345979
p3_h01,0.000668441634967968
p3_h09,0.0006630177133459721
p7_h05,0.0006561815047733595
p3_h10,0.000616892617112902
p3_h15,0.0006155564835639415
p3_h12,0.0006004713694306437
p3_h14,0.0005934350516475225
p2_h13,0.0004820302482895785
p2_h04,0.00045307740714922446
holiday_d1,9.290372891417028e-05
