date,hour,forecast_eur_mwh,low_80_eur_mwh,high_80_eur_mwh,made_at_utc
2026-10-10,0,30.83,13.5,53.1,2026-10-08 14:53
2026-10-10,1,31.07,12.49,51.56,2026-10-08 14:53
2026-10-10,2,31.5,13.89,54.01,2026-10-08 14:53
2026-10-10,3,31.05,13.89,53.31,2026-10-08 14:53
2026-10-10,4,33.24,15.58,57.45,2026-10-08 14:53
2026-10-10,5,35.13,15.09,59.86,2026-10-08 14:53
2026-10-10,6,41.35,15.89,68.05,2026-10-08 14:53
2026-10-10,7,44.92,15.81,74.87,2026-10-08 14:53
2026-10-10,8,46.58,17.69,74.91,2026-10-08 14:53
2026-10-10,9,46.57,17.19,74.32,2026-10-08 14:53
2026-10-10,10,45.67,16.04,69.73,2026-10-08 14:53
2026-10-10,11,47.5,15.92,67.04,2026-10-08 14:53
2026-10-10,12,40.83,12.76,61.44,2026-10-08 14:53
2026-10-10,13,36.93,11.38,59.78,2026-10-08 14:53
2026-10-10,14,40.29,11.91,62.73,2026-10-08 14:53
2026-10-10,15,52.76,18.92,70.93,2026-10-08 14:53
2026-10-10,16,70.11,31.3,88.5,2026-10-08 14:53
2026-10-10,17,82.55,34.92,106.8,2026-10-08 14:53
2026-10-10,18,88.57,36.67,105.93,2026-10-08 14:53
2026-10-10,19,80.6,33.91,104.23,2026-10-08 14:53
2026-10-10,20,72.93,31.33,91.94,2026-10-08 14:53
2026-10-10,21,62.83,27.43,83.37,2026-10-08 14:53
2026-10-10,22,57.26,22.03,75.71,2026-10-08 14:53
2026-10-10,23,46.91,13.24,68.64,2026-10-08 14:53
